Time:,0:59:57.369943,Size:,250,CPU:,Intel(R) Core(TM) i7-8700K CPU @ 3.70GHz
MSE,HN,Epochs,Batch Size,Learning rate
0.05837217718362808,10,334,184,0.07715885589435388
0.08818203210830688,17,94,60,0.08153477711169514
0.03976501151919365,4,82,5,0.04873466099260709
0.08288693428039551,7,329,30,0.0056937455516905145
0.055790215730667114,9,48,88,0.02471480488070927
0.08579768240451813,15,360,296,0.011832594630276383
0.08215847611427307,8,203,162,0.07908314804920503
0.06841415166854858,10,197,171,0.09692897408406849
0.043447770178318024,2,237,139,0.03770957566765944
0.05199413001537323,7,333,194,0.004837905104271622
0.08396661281585693,20,288,279,0.09181984350460036
0.06498304009437561,20,183,80,0.04307212093423216
0.07904652506113052,16,256,25,0.07048399294568503
0.0879795178771019,4,52,99,0.04743861414919318
0.05599408224225044,2,178,36,0.08964321899113487
0.050226010382175446,16,175,9,0.09066244035060343
0.0605265349149704,16,263,64,0.02930116986693349
0.0762871503829956,14,359,202,0.03303511082616516
0.05309236794710159,5,44,22,0.07303258530746162
0.08191484212875366,20,288,297,0.0690843784939172
0.06589233875274658,19,250,160,0.016948868058094056
0.10068538784980774,4,378,216,0.04770661062754099
0.10562141984701157,18,186,52,0.013270019040775339
0.10235671699047089,9,49,170,0.07820960386644404
0.07927770912647247,6,117,54,0.04298364179607445
0.07605449855327606,19,57,275,0.01597711552595399
0.047798920422792435,19,315,17,0.025482754843646014
0.07698863744735718,19,342,48,0.06910851732444305
0.08120914548635483,8,377,184,0.0699650473383522
0.09030250459909439,11,296,41,0.08291030086050319
0.11413455754518509,15,205,25,0.03736735474529425
0.055189624428749084,19,191,71,0.05729123442491085
0.07508347928524017,12,190,188,0.02211419124755611
0.0629967525601387,13,212,292,0.07732116764609456
0.06450416147708893,2,120,37,0.017609871075555106
0.07185912132263184,9,277,170,0.056946594439960335
0.05794551968574524,13,173,286,0.019757370795247305
0.052514269948005676,17,386,115,0.0331605266618711
0.05308743193745613,6,280,55,0.037742313934745135
0.05655046924948692,1,162,121,0.04681060929190662
0.08185770362615585,13,399,156,0.040420794409195944
0.06175091862678528,2,56,188,0.0009060343315203696
0.07822602987289429,9,42,128,0.036342000342735346
0.0730435848236084,13,191,5,0.04139362443257383
0.1113465428352356,5,231,234,0.05222055934008496
0.1770278811454773,11,63,123,0.0703518795300015
0.11189616471529007,19,238,100,0.0643542411134325
0.04779215529561043,19,117,272,0.0529065394515498
0.09836350381374359,15,228,179,0.03714495648647075
0.08205132186412811,3,231,228,0.0018760327771751445
0.04851211979985237,4,82,5,0.04961581797529674
0.03531847894191742,4,82,5,0.047933007002703705
0.053996793925762177,4,249,5,0.04737669389152173
0.04844827204942703,4,62,4,0.04733850017851847
0.04453817009925842,4,80,6,0.04745412610040824
0.062421150505542755,2,237,139,0.037709666477771346
0.06291244179010391,4,72,4,0.04825144659523319
0.08644330501556396,4,94,8,0.050073748716621735
0.052307188510894775,4,84,5,0.08416944324651278
0.06395426392555237,4,82,5,0.04001825133543743
0.049435049295425415,4,85,5,0.0455137375679228
0.04087737947702408,4,85,5,0.033827591251164524
0.05675259232521057,4,84,5,0.02708260366028757
0.07717788219451904,19,117,272,0.05668589728728925
0.06142117455601692,19,315,17,0.018315366906703028
0.062288615852594376,4,84,5,0.05965623912544045
0.06924719363451004,4,86,5,0.05311428952234613
0.05224395543336868,4,85,5,0.035677606542196094
0.08245957642793655,16,175,9,0.07502634148226783
0.04905062913894653,4,84,5,0.0460844026780714
0.0709478035569191,4,84,5,0.05089689782078152
0.04937995225191116,5,72,5,0.03304452194444098
0.06746667623519897,4,77,3,0.040707739446289214
0.07630985230207443,15,330,5,0.04748888901926387
0.058262020349502563,4,82,5,0.02402933786083596
0.060660894960165024,5,62,4,0.04091774612780343
0.0554380789399147,4,88,5,0.008908926455157644
0.05069529265165329,4,77,3,0.021519428472867978
0.054989151656627655,4,75,1,0.016166797163569665
0.07916365563869476,4,75,1,0.012395703647797903
0.10087214410305023,5,70,10,0.07103948002229779
0.06026522442698479,4,94,5,0.024506385212017114
0.07060619443655014,4,93,5,0.022230162130421352
0.07637695968151093,3,195,5,0.0329429639597982
0.06191055476665497,4,59,5,0.07298148733936106
0.06231134012341499,4,76,5,0.013306133296601554
0.06615009903907776,3,40,1,0.043538921124588716
0.06187652423977852,1,318,137,0.032773100529939675
0.05306006222963333,5,72,5,0.025539144579717666
0.05937109515070915,2,226,139,0.028316935846268168
0.0905279889702797,5,70,5,0.04518645640004203
0.0708828791975975,7,330,194,0.014375935500489583
0.08003527671098709,4,73,4,0.043388379194798266
0.05329442769289017,7,85,5,0.03277515035124925
0.04798724502325058,1,68,12,0.09643929455248734
0.06436903774738312,3,62,8,0.09530433249363326
0.053097788244485855,1,79,16,0.09589731219538208
0.06501000374555588,1,79,17,0.09601463679197145
0.15139462053775787,12,400,106,0.020212308625260317
0.04411134123802185,19,282,5,0.06435003765736408
0.15025977790355682,19,264,2,0.07322354430396212
0.0899229645729065,13,283,5,0.0638115752142593
0.060708776116371155,20,288,7,0.04339046783690113
0.062384575605392456,4,150,5,0.03320036678277739
0.0625363439321518,4,40,5,0.034006380882537095
0.08884921669960022,19,365,5,0.06345055259623893
0.05355863273143768,1,200,14,0.07102018720701375
0.05325235426425934,1,223,13,0.05760600172779677
0.053835950791835785,1,66,13,0.08646479295380423
0.06095957010984421,1,337,12,0.08374772101736655
0.05394253879785538,1,172,13,0.0692407276895956
0.06318172067403793,1,40,13,0.08736749780883316
0.05930353328585625,1,243,14,0.09655246951129762
0.06973399221897125,20,256,23,0.06661756706906319
0.05926302820444107,1,252,14,0.09627754078618697
0.042981263250112534,2,220,137,0.0293572180467962
0.06339269131422043,2,267,136,0.014431267718259758
0.0907023623585701,3,106,138,0.04632392611797918
0.08010552078485489,2,281,137,0.019695138601746518
0.05756952241063118,1,232,141,0.004900680395892232
0.06476657837629318,20,223,16,0.02579504425248609
0.05318346992135048,1,109,14,0.060693433629116146
0.05351555347442627,1,99,13,0.022939519129442115
0.05050042271614075,1,177,14,0.0026000226655946835
0.05737811326980591,1,79,14,0.07459879115809571
0.05046497657895088,1,93,14,0.01021365746510701
0.062046416103839874,1,79,14,0.04014558733123324
0.12711811065673828,1,40,13,0.0001
0.06732343137264252,1,375,21,0.1
0.05602383613586426,1,41,142,0.06461307671465492
0.05302014201879501,1,63,142,0.06438102928843834
0.05074796825647354,1,129,143,0.07086721745824512
0.0528467521071434,1,182,144,0.08007549621637276
0.05669089034199715,1,250,145,0.08488936172468112
0.05134250223636627,1,62,145,0.08176325480553304
0.054567668586969376,1,229,146,0.08737758254118164
0.050670601427555084,1,188,146,0.08832844511551856
0.06411722302436829,1,94,147,0.09447550955825851
0.050898268818855286,1,71,144,0.07834164160735062
0.06514563411474228,1,80,144,0.08112152027972616
0.05059576779603958,1,136,144,0.0729983045247469
0.05066540837287903,1,97,144,0.0738538109454339
0.05883534252643585,1,75,145,0.07477202022335831
0.06304534524679184,1,55,144,0.07423441424792651
0.05312127619981766,1,169,144,0.07262432690845942
0.05267807096242905,1,153,144,0.07286379380838012
0.051060158759355545,1,151,144,0.07314261186158198
0.04868100583553314,1,194,144,0.07355705561282952
0.05088259279727936,1,149,144,0.07426470166525427
0.061415478587150574,1,223,143,0.0803456717949889
0.053032852709293365,1,135,144,0.07356133120722198
0.050567470490932465,1,200,144,0.07398391021355816
0.06377965211868286,1,217,144,0.07460057727279591
0.055838920176029205,1,151,143,0.07345498906605515
0.06109272316098213,1,122,143,0.07340955576047027
0.050532951951026917,1,163,144,0.07132835557280985
0.0978306382894516,1,210,144,0.0701912797177171
0.05430879443883896,1,44,143,0.08031917407143291
0.05308816209435463,1,194,143,0.0833716056151153
0.05290956795215607,1,55,143,0.08969336560857002
0.06045875698328018,1,160,141,0.1
0.06413892656564713,8,75,86,0.0001
0.048960693180561066,1,243,143,0.08588210346887304
0.05256746709346771,1,116,143,0.09205980901281256
0.051105204969644547,1,67,142,0.1
0.05646912753582001,1,48,141,0.1
0.05381827428936958,1,68,141,0.1
0.06488615274429321,1,254,141,0.1
0.05432276055216789,1,200,166,0.1
0.08498535305261612,11,354,236,0.07251874617444108
0.052931901067495346,1,137,155,0.1
0.05287495255470276,1,156,156,0.1
0.053625982254743576,1,51,157,0.1
0.05666586756706238,1,81,158,0.1
0.052918922156095505,1,159,156,0.1
0.05420350283384323,1,40,157,0.1
0.06262791156768799,1,214,157,0.1
0.05646608769893646,1,40,152,0.1
0.05537121370434761,1,40,152,0.1
0.05289905518293381,1,142,152,0.1
0.05304731801152229,1,93,152,0.1
0.0505453497171402,1,56,153,0.1
0.05027023330330849,1,202,154,0.1
0.05338069424033165,1,41,155,0.1
0.09051066637039185,3,106,1,0.046131546607428554
0.050985775887966156,1,44,155,0.1
0.05288485810160637,1,60,155,0.1
0.05044751614332199,1,86,156,0.1
0.04798031598329544,1,136,156,0.1
0.05271690711379051,1,40,157,0.1
0.061440810561180115,19,162,1,0.06465611042590587
0.05031142756342888,4,68,8,0.048007517465730946
0.06994909048080444,4,89,1,0.04906347680010582
0.071782186627388,19,290,22,0.057320712403255515
0.23153018951416016,5,72,151,0.0001
0.05533522367477417,4,103,43,0.1
0.08175203204154968,9,213,1,0.1
0.06187931075692177,16,257,112,0.0001
0.053093887865543365,2,105,81,0.1
0.05364277958869934,1,40,210,0.1
0.052884139120578766,1,48,177,0.1
0.07408197224140167,18,396,212,0.1
0.0563812181353569,1,192,169,0.1
0.06279275566339493,1,93,283,0.1
0.04826007038354874,8,399,255,0.0001
0.05243202671408653,8,369,250,0.0001
0.054688382893800735,7,388,252,0.0001
0.05832222104072571,8,277,287,0.0001
0.052567027509212494,8,399,244,0.0001
0.05853451043367386,8,329,245,0.0001
0.043994735926389694,8,354,248,0.0001
0.053515054285526276,8,262,248,0.0001
0.0592569038271904,1,312,9,0.004232680553539581
0.04010431468486786,2,267,144,0.03005278136973189
0.058732181787490845,2,246,160,0.03081533632646467
0.07730472087860107,8,327,249,0.0001
0.0700613260269165,2,40,156,0.1
0.085259348154068,5,101,32,0.07485468278021036
0.17068493366241455,1,201,189,0.0001
0.060823604464530945,2,287,128,0.02971400880231536
0.08019990473985672,4,265,1,0.04759056034207399
0.04023716226220131,2,95,173,0.02964411744707103
0.03375587984919548,2,40,188,0.02961898727524999
0.05589933693408966,2,40,205,0.02959424523321024
0.06920910626649857,2,40,157,0.029678759955670753
0.06081712245941162,2,302,218,0.02955115295796276
0.07726821303367615,5,165,9,0.03498837529407
0.05091075599193573,2,58,189,0.050326729465247064
0.05518693849444389,2,42,188,0.046141606457076566
0.0697830393910408,2,132,187,0.04275700931408929
0.07147464156150818,5,40,3,0.03153596932169706
0.055390506982803345,1,40,87,0.0720042921844696
0.07483828812837601,19,108,259,0.05228508042978367
0.04618038609623909,17,347,145,0.0001
0.056686293333768845,17,391,142,0.0001
0.04097734019160271,17,387,136,0.017261178098811295
0.08140610158443451,17,353,140,0.0258798211895045
0.05102717503905296,1,85,110,0.052200920985149175
0.07392857223749161,17,391,137,0.017322149601597905
0.04655131697654724,19,321,13,0.025458325704220266
0.05277574062347412,19,40,26,0.0001
0.06867533177137375,19,320,14,0.025452433359677642
0.06554107367992401,7,386,296,0.003624951830927896
0.0502789169549942,1,51,110,0.05163015690121322
0.05291216820478439,1,121,152,0.05040240374175
0.05232250690460205,1,40,110,0.04880186836084716
0.04128678888082504,2,62,146,0.04979583049079233
0.060658685863018036,2,72,120,0.05772321367925289
0.05292348191142082,1,166,119,0.05347316689067771
0.05168936774134636,9,375,268,0.0001
